Actual residue,Generalized residue
U,U
DT,U
5BU,U
5IU,U
IU,U
5MU,U
DU,U
BRU,U
PSU,U
OMU,U
THM,U
TLN,U
UFR,U
UMS,U
USM,U
UVX,U
T23,U
T39,U
TFE,U
TLC,U
UFT,U
UMX,U
XCI,U
ZDU,U
H2U,U
ZTH,U
2MU,U
EIT,U
T38,U
D3N,U
A,A
DA,A
1MA,A
3AD,A
3D1,A
9SI,A
9SY,A
A23,A
AMP,A
AP7,A
AS,A
IGU,A
1AP,A
A2M,A
A44,A
AF2,A
TCY,A
FA2,A
A47,A
C,C
DC,C
5BT,C
5CM,C
5HC,C
50N,C
C38,C
CBR,C
CBV,C
CCC,C
CSL,C
DCZ,C
DZ,C
B7C,C
LCC,C
LKC,C
5MC,C
C5L,C
CFZ,C
O2C,C
OMC,C
GCK,C
C7R,C
G,G
DG,G
1MG,G
23G,G
50L,G
8OG,G
8OS,G
C6G,G
DI,G
DP,G
EPE,G
G36,G
G49,G
GDP,G
GTP,G
LCG,G
TG,G
2MG,G
7MG,G
BGM,G
G48,G
GAO,G
GDO,G
GF2,G
GFL,G
GMS,G
GRB,G
M2G,G
OMG,G
BZG,G
YG,G
N,N
3DR,N
PGA,OTH
MOE,OTH
BGC,OTH
